{
    "color": {
        "a": 1.0,
        "b": 0.07000000029802322,
        "g": 0.27000001072883606,
        "r": 0.5400000214576721
    },
    "item": 2,
    "topcolor": {
        "a": 1.0,
        "b": 0.27000001072883606,
        "g": 0.49000000953674316,
        "r": 0.33000001311302185
    },
    "type": 2
}