{
    "color": {
        "a": 0.5,
        "b": 0.15000000596046448,
        "g": 0.3499999940395355,
        "r": 0.17000000178813934
    },
    "item": 6,
    "topcolor": {
        "a": 0.5,
        "b": 0.15000000596046448,
        "g": 0.3499999940395355,
        "r": 0.17000000178813934
    },
    "type": 7
}