{
    "color": {
        "a": 1.0,
        "b": 0.5,
        "g": 0.6899999976158142,
        "r": 0.7599999904632568
    },
    "item": 4,
    "topcolor": {
        "a": 1.0,
        "b": 0.5699999928474426,
        "g": 0.7400000095367432,
        "r": 0.800000011920929
    },
    "type": 4
}