{
    "color": {
        "a": 1.0,
        "b": 0.07000000029802322,
        "g": 0.27000001072883606,
        "r": 0.5400000214576721
    },
    "item": 5,
    "topcolor": {
        "a": 1.0,
        "b": 0.5699999928474426,
        "g": 0.7400000095367432,
        "r": 0.800000011920929
    },
    "type": 5
}