{
    "color": {
        "a": 1.0,
        "b": 0.6600000262260437,
        "g": 0.6600000262260437,
        "r": 0.6600000262260437
    },
    "item": 1,
    "topcolor": {
        "a": 1.0,
        "b": 0.6600000262260437,
        "g": 0.6600000262260437,
        "r": 0.6600000262260437
    },
    "type": 1
}