{
    "color": {
        "a": 1.0,
        "b": 0.5199999809265137,
        "g": 0.7200000286102295,
        "r": 0.8700000047683716
    },
    "item": 3,
    "topcolor": {
        "a": 1.0,
        "b": 0.5199999809265137,
        "g": 0.7200000286102295,
        "r": 0.8700000047683716
    },
    "type": 3
}