{
    "color": {
        "b": 0.07000000029802322,
        "g": 0.27000001072883606,
        "r": 0.5400000214576721
    },
    "stackable": true,
    "type": 2,
    "usage": 1
}