{
    "color": {
        "b": 0.15000000596046448,
        "g": 0.3499999940395355,
        "r": 0.17000000178813934
    },
    "stackable": true,
    "type": 6,
    "usage": 1
}