{
    "color": {
        "b": 0.5,
        "g": 0.6899999976158142,
        "r": 0.7599999904632568
    },
    "stackable": true,
    "type": 4,
    "usage": 1
}