{
    "color": {
        "b": 0.800000011920929,
        "g": 0.800000011920929,
        "r": 0.800000011920929
    },
    "stackable": true,
    "type": 4,
    "usage": 1
}