{
    "color": {
        "b": 0.6600000262260437,
        "g": 0.6600000262260437,
        "r": 0.6600000262260437
    },
    "stackable": true,
    "type": 1,
    "usage": 1
}