{
    "color": {
        "b": 0.5199999809265137,
        "g": 0.7200000286102295,
        "r": 0.8700000047683716
    },
    "stackable": true,
    "type": 3,
    "usage": 1
}